{"cameraMode":{"drawMode":0,"name":"Shaded","section":"Shading Mode"},"sceneLighting":true,"audioPlay":false,"sceneViewState":{"m_AlwaysRefresh":false,"showFog":true,"showSkybox":true,"showFlares":true,"showImageEffects":true,"showParticleSystems":true,"showVisualEffectGraphs":true,"m_FxEnabled":true},"in2DMode":false,"pivot":{"x":5.212886810302734,"y":12.388877868652344,"z":10.117657661437989},"rotation":{"x":-0.06883220374584198,"y":0.8852593898773193,"z":-0.43848761916160586,"w":-0.1389683037996292},"size":2.4818944931030275,"orthographic":false}